expr,min,lq,mean,median,uq,max,neval,criterion,engine
CI_engine_cpp,0.5718469,0.6225647,0.678263933333333,0.6732825,0.73147245,0.7896624,3,CI,cpp
CI_engine_R,1.323605,1.3367655,1.3891321,1.349926,1.42189565,1.4938653,3,CI,R
CIg_engine_cpp,1.3105146,1.34318725,1.3780668,1.3758599,1.4118429,1.4478259,3,CIg,cpp
CIg_engine_R,2.4685657,2.49186375,2.57265716666667,2.5151618,2.6247029,2.734244,3,CIg,R
CIc_engine_cpp,1.3034295,1.3745186,1.42604966666667,1.4456077,1.48735975,1.5291118,3,CIc,cpp
CIc_engine_R,2.503409,2.54681665,2.7172202,2.5902243,2.8241258,3.0580273,3,CIc,R
L_engine_cpp,1.1027379,1.13053005,1.1503154,1.1583222,1.17410415,1.1898861,3,L,cpp
L_engine_R,0.9543457,1.013771,1.07510753333333,1.0731963,1.13548845,1.1977806,3,L,R
