expr,min,lq,mean,median,uq,max,neval,criterion,engine
CI_engine_cpp,0.2127137,0.22498,0.598612833333333,0.2372463,0.7915624,1.3458785,3,CI,cpp
CI_engine_R,0.4062625,0.43875345,0.490918,0.4712444,0.53324575,0.5952471,3,CI,R
CIg_engine_cpp,0.2679828,0.2797611,0.283701266666667,0.2915394,0.2915605,0.2915816,3,CIg,cpp
CIg_engine_R,0.5227559,0.57102895,0.595341666666667,0.619302,0.63163455,0.6439671,3,CIg,R
CIc_engine_cpp,0.2671803,0.27457115,0.2938289,0.281962,0.3071532,0.3323444,3,CIc,cpp
CIc_engine_R,0.4890095,0.51253315,0.5511933,0.5360568,0.5822852,0.6285136,3,CIc,R
L_engine_cpp,0.1223087,0.1224895,0.1251241,0.1226703,0.1265318,0.1303933,3,L,cpp
L_engine_R,0.1460391,0.1489096,0.155460166666667,0.1517801,0.1601707,0.1685613,3,L,R
