expr,min,lq,mean,median,uq,max,neval,criterion,engine
CI_engine_cpp,0.1918856,0.1935334,0.199239466666667,0.1951812,0.2029164,0.2106516,3,CI,cpp
CI_engine_R,0.4656036,0.4726053,0.4758764,0.479607,0.4810128,0.4824186,3,CI,R
CIg_engine_cpp,0.2855175,0.290482,0.293810966666667,0.2954465,0.2979577,0.3004689,3,CIg,cpp
CIg_engine_R,0.4759374,0.4768454,0.530825933333333,0.4777534,0.5582702,0.638787,3,CIg,R
CIc_engine_cpp,0.2686035,0.28594255,0.291917666666667,0.3032816,0.30357475,0.3038679,3,CIc,cpp
CIc_engine_R,0.5465193,0.55576535,0.562879166666667,0.5650114,0.5710591,0.5771068,3,CIc,R
L_engine_cpp,0.1246842,0.12495585,0.146913033333333,0.1252275,0.15802745,0.1908274,3,L,cpp
L_engine_R,0.1091119,0.1139055,0.124899566666667,0.1186991,0.1327934,0.1468877,3,L,R
